pincode,n_offices,has_boundary,status
110050,0,1,retired
110098,0,1,retired
110100,0,1,retired
121014,0,1,retired
121015,0,1,retired
122022,0,1,retired
123031,0,1,retired
127311,0,1,retired
127312,0,1,retired
131030,0,1,retired
133010,0,1,retired
134008,0,1,retired
134105,0,1,retired
140408,0,1,retired
143003,0,1,retired
143004,0,1,retired
143110,0,1,retired
144013,0,1,retired
144015,0,1,retired
152020,0,1,retired
160005,0,1,retired
160016,0,1,retired
160040,0,1,retired
160043,0,1,retired
160069,0,1,retired
171014,0,1,retired
171015,0,1,retired
173236,0,1,retired
175045,0,1,retired
176002,0,1,retired
176326,0,1,retired
184210,0,1,retired
185133,0,1,retired
193505,0,1,retired
201020,0,1,retired
201308,0,1,retired
201315,0,1,retired
209860,0,1,retired
211021,0,1,retired
211022,0,1,retired
212308,0,1,retired
221012,0,1,retired
221109,0,1,retired
221720,0,1,retired
244105,0,1,retired
246178,0,1,retired
248016,0,1,retired
248141,0,1,retired
249127,0,1,retired
249136,0,1,retired
262572,0,1,retired
263141,0,1,retired
263142,0,1,retired
271806,0,1,retired
272170,23,0,active
272178,0,1,retired
301029,0,1,retired
302011,0,1,retired
302023,0,1,retired
302024,0,1,retired
302025,0,1,retired
302032,0,1,retired
302038,0,1,retired
302041,0,1,retired
302042,0,1,retired
302043,0,1,retired
302051,0,1,retired
302052,0,1,retired
303010,0,1,retired
303123,0,1,retired
303331,0,1,retired
303339,0,1,retired
303802,0,1,retired
304020,0,1,retired
304026,0,1,retired
305008,0,1,retired
305027,0,1,retired
305028,0,1,retired
305029,0,1,retired
305030,0,1,retired
306027,0,1,retired
306106,0,1,retired
307021,0,1,retired
307032,0,1,retired
311012,0,1,retired
311013,0,1,retired
311028,0,1,retired
311029,0,1,retired
311303,0,1,retired
311405,0,1,retired
311606,0,1,retired
311607,0,1,retired
311810,0,1,retired
312026,0,1,retired
312618,0,1,retired
312621,0,1,retired
312624,0,1,retired
312625,0,1,retired
312626,0,1,retired
312627,0,1,retired
313025,0,1,retired
313338,0,1,retired
313605,16,0,active
313611,11,0,active
321006,0,1,retired
321305,0,1,retired
321603,0,1,retired
323026,0,1,retired
324021,0,1,retired
325224,0,1,retired
325225,0,1,retired
326024,0,1,retired
326510,0,1,retired
331033,0,1,retired
333037,0,1,retired
333310,0,1,retired
342002,0,1,retired
342004,0,1,retired
342010,0,1,retired
342029,0,1,retired
342034,0,1,retired
345002,0,1,retired
363635,0,1,retired
380003,0,1,retired
380049,0,1,retired
382023,0,1,retired
382426,0,1,retired
387003,0,1,retired
390015,0,1,retired
391776,0,1,retired
394541,0,1,retired
394652,0,1,retired
396067,0,1,retired
400705,0,1,retired
401104,0,1,retired
401210,0,1,retired
402118,0,1,retired
402406,0,1,retired
410209,0,1,retired
411053,0,1,retired
411067,0,1,retired
411068,0,1,retired
413225,0,1,retired
413233,0,1,retired
413235,0,1,retired
413245,0,1,retired
414307,0,1,retired
415118,0,1,retired
415120,0,1,retired
415210,0,1,retired
415416,0,1,retired
415417,0,1,retired
415418,0,1,retired
415529,0,1,retired
415704,0,1,retired
416117,0,1,retired
416127,0,1,retired
416130,0,1,retired
416134,0,1,retired
416138,0,1,retired
416217,0,1,retired
416222,0,1,retired
416224,0,1,retired
416228,0,1,retired
416317,0,1,retired
416319,0,1,retired
416320,0,1,retired
416321,0,1,retired
416421,0,1,retired
416422,0,1,retired
416423,0,1,retired
416425,0,1,retired
416426,0,1,retired
416428,0,1,retired
416429,0,1,retired
416530,0,1,retired
416532,0,1,retired
416536,0,1,retired
416538,0,1,retired
416541,0,1,retired
416622,0,1,retired
421001,0,1,retired
421504,0,1,retired
421604,0,1,retired
422614,0,1,retired
424116,0,1,retired
424209,0,1,retired
425106,0,1,retired
425120,0,1,retired
425121,0,1,retired
425124,0,1,retired
425127,0,1,retired
425135,0,1,retired
425208,0,1,retired
425318,0,1,retired
425324,0,1,retired
425326,0,1,retired
425336,0,1,retired
425434,0,1,retired
425509,0,1,retired
425510,0,1,retired
425511,0,1,retired
425515,0,1,retired
425519,0,1,retired
425523,0,1,retired
431011,0,1,retired
431119,0,1,retired
431146,0,1,retired
431152,0,1,retired
440004,0,1,retired
440009,0,1,retired
440028,0,1,retired
441002,0,1,retired
441003,0,1,retired
441009,0,1,retired
441114,0,1,retired
441115,0,1,retired
441117,0,1,retired
441227,0,1,retired
441406,0,1,retired
441408,0,1,retired
441409,0,1,retired
441504,0,1,retired
441603,0,1,retired
441604,0,1,retired
441613,0,1,retired
441808,0,1,retired
441811,0,1,retired
441917,0,1,retired
441918,0,1,retired
441919,0,1,retired
441920,0,1,retired
441923,0,1,retired
442002,0,1,retired
442005,0,1,retired
442006,0,1,retired
442103,0,1,retired
442107,0,1,retired
442108,0,1,retired
442110,0,1,retired
442204,0,1,retired
442207,0,1,retired
442506,0,1,retired
442706,0,1,retired
442910,0,1,retired
442912,0,1,retired
442919,0,1,retired
443105,0,1,retired
443209,0,1,retired
443305,0,1,retired
443306,0,1,retired
443307,0,1,retired
443405,0,1,retired
443406,0,1,retired
444115,0,1,retired
444125,0,1,retired
444129,0,1,retired
444307,0,1,retired
444309,0,1,retired
444512,0,1,retired
444609,0,1,retired
444713,0,1,retired
444718,0,1,retired
444721,0,1,retired
444726,0,1,retired
444728,0,1,retired
444811,0,1,retired
444812,0,1,retired
444814,0,1,retired
444815,0,1,retired
444818,0,1,retired
444819,0,1,retired
444827,0,1,retired
444909,0,1,retired
444910,0,1,retired
444911,0,1,retired
444913,0,1,retired
444914,0,1,retired
444915,0,1,retired
444921,0,1,retired
445003,0,1,retired
445208,0,1,retired
445213,0,1,retired
445319,0,1,retired
450013,0,1,retired
450052,0,1,retired
450340,0,1,retired
450351,0,1,retired
450556,0,1,retired
451337,0,1,retired
451443,0,1,retired
451444,0,1,retired
451661,0,1,retired
451667,0,1,retired
452008,0,1,retired
452021,0,1,retired
452022,0,1,retired
452023,0,1,retired
452024,0,1,retired
452025,0,1,retired
452026,0,1,retired
452027,0,1,retired
452028,0,1,retired
452029,0,1,retired
452030,0,1,retired
452031,0,1,retired
452032,0,1,retired
452033,0,1,retired
452034,0,1,retired
452035,0,1,retired
452036,0,1,retired
452037,0,1,retired
452038,0,1,retired
452039,0,1,retired
452041,0,1,retired
452042,0,1,retired
452043,0,1,retired
452044,0,1,retired
452045,0,1,retired
452046,0,1,retired
453552,0,1,retired
454129,0,1,retired
454345,0,1,retired
454350,0,1,retired
454365,0,1,retired
454448,0,1,retired
454648,0,1,retired
454749,0,1,retired
455048,0,1,retired
455220,0,1,retired
455311,0,1,retired
456011,0,1,retired
456012,0,1,retired
456013,0,1,retired
456015,0,1,retired
456016,0,1,retired
456018,0,1,retired
456019,0,1,retired
456020,0,1,retired
457111,0,1,retired
457227,0,1,retired
457551,0,1,retired
457769,0,1,retired
457893,0,1,retired
458474,0,1,retired
458660,0,1,retired
460005,0,1,retired
460550,0,1,retired
461222,0,1,retired
461235,0,1,retired
461251,0,1,retired
461335,0,1,retired
461444,0,1,retired
461772,0,1,retired
462012,0,1,retired
462021,0,1,retired
462032,0,1,retired
462040,0,1,retired
462048,0,1,retired
462050,0,1,retired
462051,0,1,retired
462052,0,1,retired
462053,0,1,retired
462054,0,1,retired
462055,0,1,retired
462060,0,1,retired
462061,0,1,retired
462062,0,1,retired
462063,0,1,retired
462064,0,1,retired
462100,0,1,retired
464002,0,1,retired
464334,0,1,retired
464570,0,1,retired
464573,0,1,retired
464670,0,1,retired
464995,0,1,retired
465331,0,1,retired
465695,0,1,retired
466117,0,1,retired
466119,0,1,retired
470111,0,1,retired
470122,0,1,retired
470662,0,1,retired
471202,0,1,retired
473338,0,1,retired
473445,0,1,retired
473583,0,1,retired
473785,0,1,retired
473993,0,1,retired
480000,0,1,retired
480002,0,1,retired
480118,0,1,retired
480121,0,1,retired
480442,0,1,retired
480443,0,1,retired
480554,0,1,retired
480556,0,1,retired
480664,0,1,retired
480668,0,1,retired
480992,0,1,retired
481002,0,1,retired
481340,0,1,retired
481554,0,1,retired
481566,0,1,retired
481883,0,1,retired
482007,0,1,retired
483050,0,1,retired
484447,0,1,retired
486004,0,1,retired
488101,0,1,retired
488224,0,1,retired
490027,0,1,retired
491224,0,1,retired
491230,0,1,retired
491996,0,1,retired
492006,0,1,retired
492007,0,1,retired
492011,0,1,retired
492016,0,1,retired
492017,0,1,retired
492111,0,1,retired
493211,0,1,retired
493334,0,1,retired
493446,0,1,retired
493884,0,1,retired
494005,0,1,retired
494237,0,1,retired
495002,0,1,retired
495011,0,1,retired
495444,0,1,retired
495453,0,1,retired
495549,0,1,retired
495558,0,1,retired
495678,0,1,retired
495681,0,1,retired
495685,0,1,retired
496114,0,1,retired
496117,0,1,retired
496197,0,1,retired
496460,0,1,retired
496553,0,1,retired
497450,0,1,retired
500103,0,1,retired
500104,0,1,retired
500105,0,1,retired
500107,0,1,retired
500108,0,1,retired
500110,0,1,retired
500111,0,1,retired
505002,0,1,retired
506103,0,1,retired
506146,0,1,retired
507113,3,0,active
507134,7,0,active
508214,0,1,retired
517646,0,1,retired
522238,0,1,retired
524347,0,1,retired
533347,0,1,retired
533348,0,1,retired
533349,0,1,retired
533350,0,1,retired
533351,0,1,retired
533352,0,1,retired
534435,0,1,retired
534444,0,1,retired
560052,0,1,retired
560069,0,1,retired
560111,0,1,retired
560113,0,1,retired
560114,0,1,retired
560115,0,1,retired
560116,0,1,retired
560117,0,1,retired
560500,0,1,retired
563147,0,1,retired
563157,0,1,retired
570024,0,1,retired
570032,0,1,retired
573226,0,1,retired
577007,0,1,retired
580027,0,1,retired
581199,0,1,retired
582104,0,1,retired
583153,0,1,retired
583154,0,1,retired
583284,0,1,retired
583285,0,1,retired
583286,0,1,retired
583287,0,1,retired
585107,0,1,retired
586105,0,1,retired
587156,0,1,retired
587331,0,1,retired
590002,0,1,retired
600027,0,1,retired
600029,0,1,retired
600079,0,1,retired
600112,0,1,retired
600132,0,1,retired
603004,0,1,retired
606109,0,1,retired
610005,0,1,retired
612905,0,1,retired
622408,0,1,retired
625538,0,1,retired
626161,0,1,retired
630004,0,1,retired
630006,0,1,retired
635130,0,1,retired
636017,0,1,retired
638060,0,1,retired
641040,0,1,retired
671534,0,1,retired
673051,0,1,retired
673323,0,1,retired
682050,0,1,retired
682051,0,1,retired
682317,0,1,retired
683548,0,1,retired
686640,0,1,retired
690546,0,1,retired
691527,0,1,retired
700161,0,1,retired
700162,0,1,retired
711115,0,1,retired
711206,0,1,retired
721668,0,1,retired
722107,0,1,retired
722110,0,1,retired
722111,0,1,retired
722112,0,1,retired
722145,0,1,retired
722163,0,1,retired
722165,0,1,retired
722166,0,1,retired
722168,0,1,retired
722169,0,1,retired
722170,0,1,retired
722171,0,1,retired
722172,0,1,retired
722174,0,1,retired
722175,0,1,retired
722176,0,1,retired
722177,0,1,retired
722178,0,1,retired
722179,0,1,retired
722180,0,1,retired
722181,0,1,retired
722182,0,1,retired
722209,0,1,retired
731213,12,0,active
731218,0,1,retired
731304,0,1,retired
734425,0,1,retired
743339,0,1,retired
743384,0,1,retired
743385,0,1,retired
743389,0,1,retired
743390,0,1,retired
743391,0,1,retired
743392,0,1,retired
743396,0,1,retired
743398,0,1,retired
743507,0,1,retired
743601,0,1,retired
743603,0,1,retired
743606,0,1,retired
751026,0,1,retired
751027,0,1,retired
751029,0,1,retired
751031,0,1,retired
751032,0,1,retired
752028,0,1,retired
752029,0,1,retired
752032,0,1,retired
752033,0,1,retired
752036,0,1,retired
752071,0,1,retired
752072,0,1,retired
752086,0,1,retired
752087,0,1,retired
752112,0,1,retired
753005,0,1,retired
753051,0,1,retired
754016,0,1,retired
754017,0,1,retired
754034,0,1,retired
754036,0,1,retired
754081,0,1,retired
754117,0,1,retired
754118,0,1,retired
754155,0,1,retired
754156,0,1,retired
754157,0,1,retired
754226,0,1,retired
754229,0,1,retired
754233,0,1,retired
754237,0,1,retired
754238,0,1,retired
754241,0,1,retired
754242,0,1,retired
754243,0,1,retired
754251,0,1,retired
754261,0,1,retired
754282,0,1,retired
754285,0,1,retired
754286,0,1,retired
754288,0,1,retired
755021,0,1,retired
755030,0,1,retired
755031,0,1,retired
755032,0,1,retired
755033,0,1,retired
755035,0,1,retired
755037,0,1,retired
755038,0,1,retired
755039,0,1,retired
755041,0,1,retired
755042,0,1,retired
755045,0,1,retired
755046,0,1,retired
755047,0,1,retired
755051,0,1,retired
756018,0,1,retired
756053,0,1,retired
756082,0,1,retired
756110,0,1,retired
756140,0,1,retired
756142,0,1,retired
756143,0,1,retired
756161,0,1,retired
757012,0,1,retired
757015,0,1,retired
758024,0,1,retired
758042,0,1,retired
758049,0,1,retired
758072,0,1,retired
758086,0,1,retired
758087,0,1,retired
759029,0,1,retired
759109,0,1,retired
759133,0,1,retired
759134,0,1,retired
759135,0,1,retired
759136,0,1,retired
759138,0,1,retired
759139,0,1,retired
759140,0,1,retired
759142,0,1,retired
760011,0,1,retired
760020,0,1,retired
761036,0,1,retired
761128,0,1,retired
761142,0,1,retired
762025,0,1,retired
764053,0,1,retired
764069,0,1,retired
766021,0,1,retired
766109,0,1,retired
766113,0,1,retired
766117,0,1,retired
767034,0,1,retired
767049,0,1,retired
767064,0,1,retired
767071,0,1,retired
768023,0,1,retired
768041,0,1,retired
768043,0,1,retired
768054,0,1,retired
768101,0,1,retired
768116,0,1,retired
768223,0,1,retired
768230,0,1,retired
768232,0,1,retired
769041,0,1,retired
770025,0,1,retired
770071,0,1,retired
781002,0,1,retired
781033,0,1,retired
781130,0,1,retired
781358,0,1,retired
782107,0,1,retired
782108,0,1,retired
782475,0,1,retired
783338,0,1,retired
783351,0,1,retired
783362,0,1,retired
783374,0,1,retired
783386,0,1,retired
784118,0,1,retired
784151,0,1,retired
784152,0,1,retired
784162,0,1,retired
784181,0,1,retired
784183,0,1,retired
784185,0,1,retired
785005,0,1,retired
785604,0,1,retired
785617,0,1,retired
785620,0,1,retired
785660,0,1,retired
785694,0,1,retired
785695,0,1,retired
786148,0,1,retired
786624,0,1,retired
787029,0,1,retired
787030,0,1,retired
788008,0,1,retired
788012,0,1,retired
788122,0,1,retired
788167,0,1,retired
788702,0,1,retired
788706,0,1,retired
788721,0,1,retired
788834,0,1,retired
795011,0,1,retired
796015,0,1,retired
796911,0,1,retired
797005,9,0,active
797006,0,1,retired
798607,0,1,retired
799011,0,1,retired
799113,0,1,retired
799132,0,1,retired
799282,0,1,retired
800030,0,1,retired
801101,0,1,retired
801106,0,1,retired
801115,0,1,retired
801117,0,1,retired
801118,0,1,retired
801502,0,1,retired
802237,0,1,retired
802315,0,1,retired
803122,0,1,retired
803123,0,1,retired
803204,0,1,retired
803205,0,1,retired
803206,0,1,retired
803218,0,1,retired
804433,0,1,retired
805113,0,1,retired
813112,0,1,retired
813115,0,1,retired
813116,0,1,retired
813117,0,1,retired
813118,0,1,retired
813119,0,1,retired
813121,0,1,retired
813123,0,1,retired
813124,0,1,retired
813125,0,1,retired
813126,0,1,retired
813127,0,1,retired
813128,0,1,retired
813129,0,1,retired
813223,0,1,retired
813225,0,1,retired
813227,0,1,retired
813228,0,1,retired
813231,0,1,retired
813233,0,1,retired
814124,0,1,retired
815552,0,1,retired
822127,0,1,retired
824119,0,1,retired
824130,0,1,retired
824213,0,1,retired
824218,0,1,retired
825137,0,1,retired
825335,0,1,retired
825337,0,1,retired
825414,0,1,retired
826006,0,1,retired
826007,0,1,retired
826009,0,1,retired
827015,0,1,retired
828102,0,1,retired
828142,0,1,retired
828311,0,1,retired
829115,0,1,retired
829120,0,1,retired
829124,0,1,retired
829137,0,1,retired
829145,0,1,retired
829146,0,1,retired
831008,0,1,retired
831021,0,1,retired
831032,0,1,retired
831033,0,1,retired
831037,0,1,retired
832113,0,1,retired
832119,0,1,retired
833210,0,1,retired
834007,0,1,retired
834013,0,1,retired
834026,0,1,retired
835224,0,1,retired
835236,0,1,retired
835238,0,1,retired
835239,0,1,retired
835240,0,1,retired
835244,0,1,retired
835304,0,1,retired
835305,0,1,retired
835306,0,1,retired
835324,21,0,active
841105,0,1,retired
841247,0,1,retired
841433,0,1,retired
842101,0,1,retired
843116,0,1,retired
843132,0,1,retired
843133,0,1,retired
843139,0,1,retired
843141,0,1,retired
843144,0,1,retired
843147,0,1,retired
843152,0,1,retired
843153,0,1,retired
843161,0,1,retired
843162,0,1,retired
843165,0,1,retired
844131,0,1,retired
844134,0,1,retired
844139,0,1,retired
844141,0,1,retired
847202,0,1,retired
847406,0,1,retired
848111,0,1,retired
848116,0,1,retired
848118,0,1,retired
848220,0,1,retired
848237,0,1,retired
851103,0,1,retired
851119,0,1,retired
851122,0,1,retired
851219,0,1,retired
851220,0,1,retired
851225,0,1,retired
852133,0,1,retired
853207,0,1,retired
