pincode,primary_district,primary_state,n_districts,n_states,n_offices
192124,Anantnag,Jammu & Kashmir,4,1,20
193501,Bandipora,Jammu & Kashmir,4,1,13
360490,Rajkot,Gujarat,4,1,22
533464,Kakinada,Andhra Pradesh,4,2,13
612201,Mayiladuthurai,Tamil Nadu,4,1,6
791001,West Siang,Arunachal Pradesh,4,1,49
791102,East Siang,Arunachal Pradesh,4,1,29
795145,Imphal East,Manipur,4,1,52
795146,Imphal West,Manipur,4,1,16
853204,Bhagalpur,Bihar,4,1,34
110003,South East,Delhi,3,1,10
110007,North,Delhi,3,1,9
110025,South East,Delhi,3,2,5
144632,Shahid Bhagat Singh Nagar,Punjab,3,1,8
184210,Kathua,Jammu & Kashmir,3,1,6
191112,Budgam,Jammu & Kashmir,3,1,7
244102,Sambhal,Uttar Pradesh,3,1,17
272148,Basti,Uttar Pradesh,3,1,12
382115,Ahmadabad,Gujarat,3,1,7
484001,Shahdol,Madhya Pradesh,3,1,32
493885,Gariyaband,Chhattisgarh,3,1,13
495446,Korba,Chhattisgarh,3,1,14
497001,Surguja,Chhattisgarh,3,1,28
505325,Jagitial,Telangana,3,2,17
505415,Karimnagar,Telangana,3,1,16
505530,Karimnagar,Telangana,3,1,14
509130,Wanaparthy,Telangana,3,1,9
509320,Nagarkurnool,Telangana,3,1,14
509339,Narayanpet,Telangana,3,1,12
509357,Mahabubnagar,Telangana,3,1,17
517214,Annamayya,Andhra Pradesh,3,1,19
521212,Eluru,Andhra Pradesh,3,1,5
532122,Srikakulam,Andhra Pradesh,3,1,17
533401,Kakinada,Andhra Pradesh,3,1,19
535183,Vizianagaram,Andhra Pradesh,3,1,20
535273,Vizianagaram,Andhra Pradesh,3,1,11
605106,Pondicherry,Tamil Nadu,3,2,10
607101,Cuddalore,Tamil Nadu,3,1,12
612203,Mayiladuthurai,Tamil Nadu,3,1,6
621308,Tiruchirappalli,Tamil Nadu,3,1,10
621653,Ariyalur,Tamil Nadu,3,1,6
628552,Tuticorin,Tamil Nadu,3,1,11
638459,Erode,Tamil Nadu,3,1,14
713129,Purba Bardhaman,West Bengal,3,1,17
754134,Kendrapara,Odisha,3,1,17
790102,East Kameng,Arunachal Pradesh,3,1,98
793106,East Khasi Hills,Meghalaya,3,1,26
793119,West Jaintia Hills,Meghalaya,3,1,75
795002,Imphal West,Manipur,3,1,11
795010,Imphal East,Manipur,3,1,16
795103,Kakching,Manipur,3,1,21
795130,Thoubal,Manipur,3,1,11
795134,Bishnupur,Manipur,3,1,21
795135,Chandel,Manipur,3,1,27
796291,Saitual,Mizoram,3,1,4
796410,Mamit,Mizoram,3,1,6
797112,Dimapur,Nagaland,3,1,13
798601,Mokokchung,Nagaland,3,1,16
804403,Gaya,Bihar,3,1,24
804451,Patna,Bihar,3,1,36
816102,Godda,Jharkhand,3,1,29
825322,Giridih,Jharkhand,3,1,19
825411,Hazaribagh,Jharkhand,3,1,11
835203,Gumla,Jharkhand,3,1,11
835213,Lohardaga,Jharkhand,3,1,15
835227,Khunti,Jharkhand,3,1,35
835234,Ranchi,Jharkhand,3,1,12
843104,Vaishali,Bihar,3,1,12
843131,Muzaffarpur,Bihar,3,1,9
847307,Darbhanga,Bihar,3,1,7
110009,North,Delhi,2,1,7
110013,South East,Delhi,2,1,2
110014,South East,Delhi,2,1,4
110019,South East,Delhi,2,1,4
110020,South East,Delhi,2,1,5
110024,South East,Delhi,2,1,4
110031,Shahdara,Delhi,2,1,6
110039,North,Delhi,2,1,11
110042,North,Delhi,2,1,7
110044,South,Delhi,2,1,9
110048,South East,Delhi,2,1,3
110049,South East,Delhi,2,1,6
110051,East,Delhi,2,1,4
110052,North,Delhi,2,1,4
110055,Central,Delhi,2,1,5
110061,South West,Delhi,2,1,2
110065,South East,Delhi,2,1,5
110077,South West,Delhi,2,1,5
110084,Central,Delhi,2,1,6
110092,East,Delhi,2,1,9
121004,Faridabad,Haryana,2,1,23
121102,Palwal,Haryana,2,1,25
122103,Gurugram,Haryana,2,1,12
122502,Rewari,Haryana,2,1,12
123304,Rewari,Haryana,2,1,9
124021,Rohtak,Haryana,2,1,9
124201,Jhajjar,Haryana,2,1,7
124202,Jhajjar,Haryana,2,1,4
124404,Rohtak,Haryana,2,1,3
124412,Rohtak,Haryana,2,1,6
124501,Rohtak,Haryana,2,1,17
125047,Hisar,Haryana,2,1,13
125050,Fatehabad,Haryana,2,1,25
125112,Hisar,Haryana,2,1,8
125113,Hisar,Haryana,2,1,14
133202,Ambala,Haryana,2,1,5
133206,Ambala,Haryana,2,1,10
134118,Panchkula,Haryana,2,1,10
134201,Ambala,Haryana,2,1,8
134204,Panchkula,Haryana,2,1,8
140402,Patiala,Punjab,2,1,13
140601,Patiala,Punjab,2,1,5
140602,Patiala,Punjab,2,1,7
143107,Amritsar,Punjab,2,1,11
143525,Gurdaspur,Punjab,2,1,4
143531,Gurdaspur,Punjab,2,1,10
143533,Gurdaspur,Punjab,2,1,4
144029,Jalandhar,Punjab,2,1,5
144411,Kapurthala,Punjab,2,1,7
144502,Jalandhar,Punjab,2,1,7
144603,Kapurthala,Punjab,2,1,11
144623,Jalandhar,Punjab,2,1,8
144625,Kapurthala,Punjab,2,1,4
147104,Patiala,Punjab,2,1,5
148018,Malerkotla,Punjab,2,1,3
148020,Malerkotla,Punjab,2,1,11
148022,Malerkotla,Punjab,2,1,8
148023,Malerkotla,Punjab,2,1,18
148024,Sangrur,Punjab,2,1,15
148025,Sangrur,Punjab,2,1,11
148106,Sangrur,Punjab,2,1,10
151202,Faridkot,Punjab,2,1,10
151207,Faridkot,Punjab,2,1,9
151208,Moga,Punjab,2,1,6
151302,Bathinda,Punjab,2,1,13
151509,Bathinda,Punjab,2,1,13
151510,Mansa,Punjab,2,1,5
152025,Sri Muktsar Sahib,Punjab,2,1,9
152028,Firozepur,Punjab,2,1,12
171226,Shimla,Himachal Pradesh,2,1,10
172001,Shimla,Himachal Pradesh,2,1,18
172101,Shimla,Himachal Pradesh,2,1,12
172111,Kinnaur,Himachal Pradesh,2,1,10
172201,Shimla,Himachal Pradesh,2,1,8
173217,Solan,Himachal Pradesh,2,1,9
173223,Sirmaur,Himachal Pradesh,2,1,9
173229,Solan,Himachal Pradesh,2,1,9
175013,Kangra,Himachal Pradesh,2,1,8
175106,Mandi,Himachal Pradesh,2,1,10
175121,Mandi,Himachal Pradesh,2,1,10
175123,Kullu,Himachal Pradesh,2,1,25
175125,Kullu,Himachal Pradesh,2,1,11
175141,Kullu,Himachal Pradesh,2,1,4
177033,Hamirpur,Himachal Pradesh,2,1,6
177038,Hamirpur,Himachal Pradesh,2,1,4
177110,Una,Himachal Pradesh,2,1,10
181141,Samba,Jammu & Kashmir,2,1,6
181143,Samba,Jammu & Kashmir,2,1,4
182121,Udhampur,Jammu & Kashmir,2,1,13
182143,Doda,Jammu & Kashmir,2,1,10
182203,Doda,Jammu & Kashmir,2,1,12
184121,Samba,Jammu & Kashmir,2,1,18
184141,Kathua,Jammu & Kashmir,2,1,7
184205,Udhampur,Jammu & Kashmir,2,1,7
185154,Jammu,Jammu & Kashmir,2,1,6
185203,Reasi,Jammu & Kashmir,2,1,15
190015,Srinagar,Jammu & Kashmir,2,1,4
190018,Budgam,Jammu & Kashmir,2,1,3
190019,Budgam,Jammu & Kashmir,2,1,2
192121,Pulwama,Jammu & Kashmir,2,1,6
192122,Pulwama,Jammu & Kashmir,2,1,8
192232,Kulgam,Jammu & Kashmir,2,1,13
192305,Shopian,Jammu & Kashmir,2,1,9
193121,Baramulla,Jammu & Kashmir,2,1,20
193303,Baramulla,Jammu & Kashmir,2,1,8
193306,Pulwama,Jammu & Kashmir,2,1,6
193404,Baramulla,Jammu & Kashmir,2,1,13
193504,Bandipora,Jammu & Kashmir,2,1,6
201009,Ghaziabad,Uttar Pradesh,2,1,11
201015,Ghaziabad,Uttar Pradesh,2,1,10
202150,Aligarh,Uttar Pradesh,2,1,11
203001,Bulandshahr,Uttar Pradesh,2,1,31
206120,Etawah,Uttar Pradesh,2,1,9
206121,Auraiya,Uttar Pradesh,2,1,19
206128,Etawah,Uttar Pradesh,2,1,7
207241,Kasganj,Uttar Pradesh,2,1,10
207244,Etah,Uttar Pradesh,2,1,11
207248,Etah,Uttar Pradesh,2,1,11
208001,Kanpur Nagar,Uttar Pradesh,2,1,19
209121,Kanpur Dehat,Uttar Pradesh,2,1,21
209307,Kanpur Dehat,Uttar Pradesh,2,1,14
209311,Kanpur Dehat,Uttar Pradesh,2,1,6
209402,Kanpur Nagar,Uttar Pradesh,2,1,19
209720,Kannauj,Uttar Pradesh,2,1,10
209724,Farrukhabad,Uttar Pradesh,2,1,10
209863,Unnao,Uttar Pradesh,2,1,15
209869,Unnao,Uttar Pradesh,2,1,7
210202,Banda,Uttar Pradesh,2,1,17
210425,Mahoba,Uttar Pradesh,2,1,5
210504,Mahoba,Uttar Pradesh,2,1,12
212202,Kaushambi,Uttar Pradesh,2,1,11
212208,Prayagraj,Uttar Pradesh,2,1,8
212401,Prayagraj,Uttar Pradesh,2,1,13
212652,Fatehpur,Uttar Pradesh,2,1,14
224141,Ayodhya,Uttar Pradesh,2,1,15
224206,Ayodhya,Uttar Pradesh,2,1,12
224234,Ayodhya,Uttar Pradesh,2,1,10
227408,Amethi,Uttar Pradesh,2,1,7
227805,Sultanpur,Uttar Pradesh,2,1,11
227808,Sultanpur,Uttar Pradesh,2,1,12
227813,Amethi,Uttar Pradesh,2,1,16
227815,Sultanpur,Uttar Pradesh,2,1,11
227816,Amethi,Uttar Pradesh,2,1,16
228159,Sultanpur,Uttar Pradesh,2,1,16
229126,Amethi,Uttar Pradesh,2,1,7
229302,Amethi,Uttar Pradesh,2,1,11
229304,Amethi,Uttar Pradesh,2,1,10
229305,Rae Bareli,Uttar Pradesh,2,1,10
229306,Rae Bareli,Uttar Pradesh,2,1,20
229801,Amethi,Uttar Pradesh,2,1,7
229802,Amethi,Uttar Pradesh,2,1,10
230501,Pratapgarh,Uttar Pradesh,2,1,7
231210,Mirzapur,Uttar Pradesh,2,1,42
231307,Mirzapur,Uttar Pradesh,2,1,20
241001,Hardoi,Uttar Pradesh,2,1,41
243723,Budaun,Uttar Pradesh,2,1,17
244401,Moradabad,Uttar Pradesh,2,1,10
244411,Moradabad,Uttar Pradesh,2,1,24
244501,Moradabad,Uttar Pradesh,2,1,17
244701,Rampur,Uttar Pradesh,2,1,19
244713,Udam Singh Nagar,Uttarakhand,2,1,16
244715,Nainital,Uttarakhand,2,1,20
244716,Nainital,Uttarakhand,2,1,3
244923,Rampur,Uttar Pradesh,2,2,7
244924,Rampur,Uttar Pradesh,2,2,15
245304,Hapur,Uttar Pradesh,2,1,18
246429,Chamoli,Uttarakhand,2,1,16
246442,Rudra Prayag,Uttarakhand,2,1,8
247662,Saharanpur,Uttar Pradesh,2,2,13
247771,Shamli,Uttar Pradesh,2,1,5
247772,Muzaffarnagar,Uttar Pradesh,2,1,12
247775,Shamli,Uttar Pradesh,2,1,16
247776,Shamli,Uttar Pradesh,2,1,29
248008,Dehradun,Uttarakhand,2,1,11
248158,Dehradun,Uttarakhand,2,1,14
248179,Dehradun,Uttarakhand,2,1,9
249165,Tehri Garhwal,Uttarakhand,2,1,20
249196,Uttar Kashi,Uttarakhand,2,1,15
249301,Pauri Garhwal,Uttarakhand,2,1,12
250611,Baghpat,Uttar Pradesh,2,1,27
251301,Muzaffarnagar,Uttar Pradesh,2,1,8
251319,Muzaffarnagar,Uttar Pradesh,2,1,8
261505,Kheri,Uttar Pradesh,2,1,34
262529,Pithoragarh,Uttarakhand,2,1,10
262721,Kheri,Uttar Pradesh,2,1,10
262722,Kheri,Uttar Pradesh,2,1,19
262728,Kheri,Uttar Pradesh,2,1,10
262904,Pilibhit,Uttar Pradesh,2,1,10
263628,Bageshwar,Uttarakhand,2,1,13
263635,Bageshwar,Uttarakhand,2,1,15
271201,Balrampur,Uttar Pradesh,2,1,22
271305,Gonda,Uttar Pradesh,2,1,12
271307,Balrampur,Uttar Pradesh,2,1,13
272151,Basti,Uttar Pradesh,2,1,15
272152,Siddharth Nagar,Uttar Pradesh,2,1,22
272178,Basti,Uttar Pradesh,2,1,23
273155,Maharajganj,Uttar Pradesh,2,1,17
273161,Maharajganj,Uttar Pradesh,2,1,8
273165,Gorakhpur,Uttar Pradesh,2,1,24
273306,Gorakhpur,Uttar Pradesh,2,1,12
273413,Gorakhpur,Uttar Pradesh,2,1,25
274206,Deoria,Uttar Pradesh,2,1,11
275303,Mau,Uttar Pradesh,2,1,7
276306,Mau,Uttar Pradesh,2,1,10
276403,Mau,Uttar Pradesh,2,1,21
276405,Mau,Uttar Pradesh,2,1,8
276406,Azamgarh,Uttar Pradesh,2,1,8
281104,Hathras,Uttar Pradesh,2,1,4
283203,Firozabad,Uttar Pradesh,2,1,31
285001,Jalaun,Uttar Pradesh,2,1,28
285203,Jalaun,Uttar Pradesh,2,1,16
285205,Jalaun,Uttar Pradesh,2,1,31
301027,Alwar,Rajasthan,2,1,11
305402,Ajmer,Rajasthan,2,2,8
305625,Ajmer,Rajasthan,2,1,4
305901,Ajmer,Rajasthan,2,1,20
305922,Ajmer,Rajasthan,2,1,7
305925,Ajmer,Rajasthan,2,1,10
311302,Bhilwara,Rajasthan,2,1,13
311601,Bhilwara,Rajasthan,2,2,11
312628,Pratapgarh,Rajasthan,2,1,2
313011,Udaipur,Rajasthan,2,1,17
313202,Rajsamand,Rajasthan,2,1,9
313204,Udaipur,Rajasthan,2,1,10
313206,Udaipur,Rajasthan,2,1,5
313322,Rajsamand,Rajasthan,2,1,12
314001,Dungarpur,Rajasthan,2,1,21
321610,Karauli,Rajasthan,2,1,6
322033,Sawai Madhopur,Rajasthan,2,1,8
322202,Sawai Madhopur,Rajasthan,2,1,10
322203,Karauli,Rajasthan,2,1,10
322204,Karauli,Rajasthan,2,1,7
322212,Sawai Madhopur,Rajasthan,2,1,7
322215,Karauli,Rajasthan,2,1,11
322219,Sawai Madhopur,Rajasthan,2,1,13
325207,Kota,Rajasthan,2,1,9
332028,Sikar,Rajasthan,2,2,9
333022,Jhunjhunu,Rajasthan,2,2,9
335062,Ganganagar,Rajasthan,2,1,16
335513,Hanumangarh,Rajasthan,2,2,11
335526,Hanumangarh,Rajasthan,2,2,15
343027,Jalore,Rajasthan,2,2,13
345021,Jaisalmer,Rajasthan,2,1,25
345033,Jaisalmer,Rajasthan,2,1,11
360003,Rajkot,Gujarat,2,1,12
360110,Rajkot,Gujarat,2,1,27
360405,Rajkot,Gujarat,2,1,9
360480,Jamnagar,Gujarat,2,1,7
360590,Porbandar,Gujarat,2,1,17
361010,Devbhumi Dwarka,Gujarat,2,1,7
362135,Junagadh,Gujarat,2,1,3
362150,Gir Somnath,Gujarat,2,1,22
362230,Porbandar,Gujarat,2,1,9
362255,Junagadh,Gujarat,2,1,14
362620,Junagadh,Gujarat,2,1,22
362650,Porbandar,Gujarat,2,1,15
363330,Morbi,Gujarat,2,1,22
363410,Surendranagar,Gujarat,2,1,23
363421,Surendranagar,Gujarat,2,1,22
363423,Surendranagar,Gujarat,2,1,11
363440,Surendranagar,Gujarat,2,1,14
363520,Surendranagar,Gujarat,2,1,25
363650,Morbi,Gujarat,2,1,17
363655,Morbi,Gujarat,2,1,19
364120,Bhavnagar,Gujarat,2,1,10
364320,Bhavnagar,Gujarat,2,1,15
364525,Amreli,Gujarat,2,1,13
364530,Amreli,Gujarat,2,1,10
364740,Botad,Gujarat,2,1,9
364760,Botad,Gujarat,2,1,9
365440,Amreli,Gujarat,2,1,17
365480,Amreli,Gujarat,2,1,15
382120,Ahmadabad,Gujarat,2,1,21
382130,Ahmadabad,Gujarat,2,1,19
382170,Ahmadabad,Gujarat,2,1,13
382220,Ahmadabad,Gujarat,2,1,22
382245,Botad,Gujarat,2,1,14
382250,Ahmadabad,Gujarat,2,1,9
382308,Gandhinagar,Gujarat,2,1,13
382421,Gandhinagar,Gujarat,2,1,4
382424,Ahmadabad,Gujarat,2,1,3
382450,Ahmadabad,Gujarat,2,1,11
382722,Gandhinagar,Gujarat,2,1,5
383246,Arvalli,Gujarat,2,1,20
383276,Sabar Kantha,Gujarat,2,1,8
383307,Arvalli,Gujarat,2,1,8
383450,Arvalli,Gujarat,2,1,13
384260,Mahesana,Gujarat,2,1,3
387115,Kheda,Gujarat,2,1,6
387210,Anand,Gujarat,2,1,3
387305,Kheda,Gujarat,2,1,3
387375,Anand,Gujarat,2,1,3
387380,Anand,Gujarat,2,1,6
387530,Kheda,Gujarat,2,1,11
387710,Kheda,Gujarat,2,1,6
388180,Anand,Gujarat,2,1,20
388215,Kheda,Gujarat,2,1,3
388220,Anand,Gujarat,2,1,11
388235,Kheda,Gujarat,2,1,9
388255,Mahisagar,Gujarat,2,1,15
388440,Anand,Gujarat,2,1,4
389110,Mahisagar,Gujarat,2,1,16
389172,Dohad,Gujarat,2,1,15
389190,Dohad,Gujarat,2,1,15
389210,Panch Mahals,Gujarat,2,1,24
389220,Mahisagar,Gujarat,2,1,9
389380,Dohad,Gujarat,2,1,35
391110,Vadodara,Gujarat,2,1,20
391150,Chhotaudepur,Gujarat,2,1,27
391761,Vadodara,Gujarat,2,1,18
392220,Bharuch,Gujarat,2,1,13
393105,Vadodara,Gujarat,2,1,8
393120,Bharuch,Gujarat,2,1,15
393130,Bharuch,Gujarat,2,1,26
393140,Narmada,Gujarat,2,1,14
394246,Surat,Gujarat,2,1,9
394250,Surat,Gujarat,2,1,9
394340,Surat,Gujarat,2,1,14
394620,Surat,Gujarat,2,1,8
394651,Tapi,Gujarat,2,1,15
394716,Dang,Gujarat,2,1,12
396051,Valsad,Gujarat,2,1,22
396193,Valsad,Gujarat,2,2,6
396215,Daman,Dadra & Nagar Haveli And Daman & Diu,2,2,4
396230,Dadra & Nagar Haveli,Dadra & Nagar Haveli And Daman & Diu,2,2,25
396235,Valsad,Gujarat,2,2,7
396240,Dadra & Nagar Haveli,Dadra & Nagar Haveli And Daman & Diu,2,2,9
400010,Mumbai,Maharashtra,2,1,5
401204,Palghar,Maharashtra,2,1,6
403107,South Goa,Goa,2,1,5
410501,Pune,Maharashtra,2,1,17
412206,Pune,Maharashtra,2,1,39
413211,Solapur,Maharashtra,2,1,9
413510,Osmanabad,Maharashtra,2,1,5
425408,Dhule,Maharashtra,2,1,24
431112,Aurangabad,Maharashtra,2,1,15
431121,Aurangabad,Maharashtra,2,1,14
431132,Jalna,Maharashtra,2,1,7
431134,Aurangabad,Maharashtra,2,1,8
431135,Aurangabad,Maharashtra,2,1,12
431137,Aurangabad,Maharashtra,2,1,6
431154,Aurangabad,Maharashtra,2,1,17
431215,Jalna,Maharashtra,2,1,14
431503,Parbhani,Maharashtra,2,1,17
431509,Parbhani,Maharashtra,2,1,24
431543,Hingoli,Maharashtra,2,1,9
431712,Nanded,Maharashtra,2,1,18
431807,Nanded,Maharashtra,2,1,17
441203,Nagpur,Maharashtra,2,1,19
450551,East Nimar,Madhya Pradesh,2,1,17
451449,Barwani,Madhya Pradesh,2,1,15
451660,Barwani,Madhya Pradesh,2,1,20
457993,Jhabua,Madhya Pradesh,2,1,11
458339,Mandsaur,Madhya Pradesh,2,1,6
458553,Mandsaur,Madhya Pradesh,2,1,6
460663,Betul,Madhya Pradesh,2,1,17
461001,Hoshangabad,Madhya Pradesh,2,1,18
461228,Harda,Madhya Pradesh,2,1,42
464240,Vidisha,Madhya Pradesh,2,1,6
472010,Tikamgarh,Madhya Pradesh,2,1,11
472447,Niwari,Madhya Pradesh,2,1,9
473101,Guna,Madhya Pradesh,2,1,24
473885,Ashoknagar,Madhya Pradesh,2,1,17
476332,Sheopur,Madhya Pradesh,2,1,24
476335,Sheopur,Madhya Pradesh,2,1,17
483225,Jabalpur,Madhya Pradesh,2,1,20
483334,Jabalpur,Madhya Pradesh,2,1,14
484116,Anuppur,Madhya Pradesh,2,1,4
484224,Anuppur,Madhya Pradesh,2,1,23
484334,Anuppur,Madhya Pradesh,2,1,22
484551,Umaria,Madhya Pradesh,2,1,19
484881,Anuppur,Madhya Pradesh,2,1,45
486669,Sidhi,Madhya Pradesh,2,1,27
486882,Singrauli,Madhya Pradesh,2,1,28
490036,Durg,Chhattisgarh,2,1,12
491221,Durg,Chhattisgarh,2,1,16
491222,Balod,Chhattisgarh,2,1,17
491223,Balod,Chhattisgarh,2,1,17
491225,Balod,Chhattisgarh,2,1,11
491331,Durg,Chhattisgarh,2,1,14
491332,Bemetara,Chhattisgarh,2,1,15
491665,Rajnandgaon,Chhattisgarh,2,1,33
493195,Baloda Bazar,Chhattisgarh,2,1,5
493225,Raipur,Chhattisgarh,2,1,25
493661,Raipur,Chhattisgarh,2,1,24
494228,Kondagaon,Chhattisgarh,2,1,23
495113,Bilaspur,Chhattisgarh,2,1,17
495115,Mungeli,Chhattisgarh,2,1,30
495119,Gaurella Pendra Marwahi,Chhattisgarh,2,1,26
495224,Bilaspur,Chhattisgarh,2,1,14
495330,Mungeli,Chhattisgarh,2,1,17
495442,Bilaspur,Chhattisgarh,2,1,12
495449,Korba,Chhattisgarh,2,1,16
495559,Janjgir-champa,Chhattisgarh,2,1,14
495671,Janjgir-champa,Chhattisgarh,2,1,20
496113,Raigarh,Chhattisgarh,2,1,26
496115,Raigarh,Chhattisgarh,2,1,14
496118,Jashpur,Chhattisgarh,2,1,22
496220,Jashpur,Chhattisgarh,2,1,19
496223,Jashpur,Chhattisgarh,2,1,21
497117,Surguja,Chhattisgarh,2,1,13
497223,Surajpur,Chhattisgarh,2,1,29
497225,Balrampur,Chhattisgarh,2,1,34
500005,Ranga Reddy,Telangana,2,1,5
500010,Medchal Malkajgiri,Telangana,2,1,2
500016,Hyderabad,Telangana,2,1,2
500032,Hyderabad,Telangana,2,1,2
500047,Medchal Malkajgiri,Telangana,2,1,2
500112,Hyderabad,Telangana,2,1,2
501203,Ranga Reddy,Telangana,2,1,15
501501,Vikarabad,Telangana,2,1,21
501513,Ranga Reddy,Telangana,2,1,2
502102,Medak,Telangana,2,1,15
502247,Siddipet,Telangana,2,1,12
502269,Medak,Telangana,2,1,9
502270,Sangareddy,Telangana,2,1,13
502290,Medak,Telangana,2,1,6
502313,Medak,Telangana,2,1,17
502314,Medak,Telangana,2,1,9
502334,Medak,Telangana,2,1,13
502336,Medak,Telangana,2,1,9
502345,Sangareddy,Telangana,2,1,11
503145,Kamareddy,Telangana,2,2,10
503188,Nizamabad,Telangana,2,2,7
503219,Nizamabad,Telangana,2,1,8
503225,Nizamabad,Telangana,2,2,9
503230,Nizamabad,Telangana,2,2,14
503235,Nizamabad,Telangana,2,2,12
503321,Kamareddy,Telangana,2,2,7
504214,Mancherial,Telangana,2,2,13
504215,Mancherial,Telangana,2,2,12
504273,Kumuram Bheem Asifabad,Telangana,2,1,14
505101,Hanumakonda,Telangana,2,1,7
505122,Karimnagar,Telangana,2,1,10
505187,Peddapalli,Telangana,2,2,19
505401,Rajanna Sircilla,Telangana,2,1,7
505467,Siddipet,Telangana,2,1,14
505472,Karimnagar,Telangana,2,1,10
505480,Karimnagar,Telangana,2,1,5
505481,Karimnagar,Telangana,2,1,8
505498,Karimnagar,Telangana,2,1,12
505524,Rajanna Sircilla,Telangana,2,1,11
505525,Peddapalli,Telangana,2,2,14
505528,Siddipet,Telangana,2,1,9
505531,Karimnagar,Telangana,2,1,14
506003,Hanumakonda,Telangana,2,2,11
506005,Hanumakonda,Telangana,2,1,7
506134,Mahabubabad,Telangana,2,1,12
506143,Jangoan,Telangana,2,1,13
506144,Jangoan,Telangana,2,1,6
506145,Jangoan,Telangana,2,1,9
506163,Hanumakonda,Telangana,2,1,12
506223,Siddipet,Telangana,2,1,15
506224,Jangoan,Telangana,2,1,11
506318,Mahabubabad,Telangana,2,1,7
506325,Mahabubabad,Telangana,2,1,10
506345,Jayashankar Bhupalapally,Telangana,2,1,13
506367,Siddipet,Telangana,2,1,14
507315,Bhadradri Kothagudem,Telangana,2,1,7
507316,Bhadradri Kothagudem,Telangana,2,1,4
508223,Suryapet,Telangana,2,1,12
508245,Nalgonda,Telangana,2,1,15
508252,Yadadri Bhuvanagiri,Telangana,2,1,15
508253,Yadadri Bhuvanagiri,Telangana,2,1,13
508355,Nalgonda,Telangana,2,1,7
508376,Suryapet,Telangana,2,1,8
509105,Nagarkurnool,Telangana,2,1,14
509110,Wanaparthy,Telangana,2,1,11
509131,Wanaparthy,Telangana,2,1,10
509132,Jogulamba Gadwal,Telangana,2,2,11
509202,Mahabubnagar,Telangana,2,1,16
509204,Mahabubnagar,Telangana,2,1,14
509206,Wanaparthy,Telangana,2,1,20
509235,Nagarkurnool,Telangana,2,1,9
509302,Mahabubnagar,Telangana,2,1,14
509324,Nagarkurnool,Telangana,2,2,15
509335,Vikarabad,Telangana,2,1,8
509336,Vikarabad,Telangana,2,1,19
509340,Mahabubnagar,Telangana,2,1,17
509350,Vikarabad,Telangana,2,1,10
509360,Nagarkurnool,Telangana,2,1,13
509371,Mahabubnagar,Telangana,2,1,15
509380,Wanaparthy,Telangana,2,1,10
509381,Wanaparthy,Telangana,2,1,10
509382,Mahabubnagar,Telangana,2,1,16
509406,Nagarkurnool,Telangana,2,1,13
509408,Ranga Reddy,Telangana,2,1,15
509409,Mahabubnagar,Telangana,2,1,12
515110,Sri Sathya Sai,Andhra Pradesh,2,1,14
515134,Sri Sathya Sai,Andhra Pradesh,2,1,8
515201,Anantapur,Andhra Pradesh,2,1,2
515231,Sri Sathya Sai,Andhra Pradesh,2,1,13
515465,Anantapur,Andhra Pradesh,2,1,15
515561,Anantapur,Andhra Pradesh,2,1,11
515591,Sri Sathya Sai,Andhra Pradesh,2,1,10
515671,Anantapur,Andhra Pradesh,2,1,2
516464,Y.s.r.,Andhra Pradesh,2,1,11
517101,Tirupati,Andhra Pradesh,2,1,2
517152,Tirupati,Andhra Pradesh,2,1,7
517192,Chittoor,Andhra Pradesh,2,1,6
517247,Chittoor,Andhra Pradesh,2,1,23
517326,Annamayya,Andhra Pradesh,2,1,20
517501,Chittoor,Andhra Pradesh,2,1,8
517502,Tirupati,Andhra Pradesh,2,1,6
517505,Tirupati,Andhra Pradesh,2,1,7
517507,Tirupati,Andhra Pradesh,2,1,7
517520,Tirupati,Andhra Pradesh,2,1,13
517583,Tirupati,Andhra Pradesh,2,1,9
517587,Tirupati,Andhra Pradesh,2,1,8
517644,Chittoor,Andhra Pradesh,2,1,4
518010,Kurnool,Andhra Pradesh,2,1,8
518217,Kurnool,Andhra Pradesh,2,1,8
518221,Nandyal,Andhra Pradesh,2,1,19
518222,Nandyal,Andhra Pradesh,2,1,18
518225,Kurnool,Andhra Pradesh,2,1,10
518432,Nandyal,Andhra Pradesh,2,1,7
518452,Kurnool,Andhra Pradesh,2,1,10
518468,Kurnool,Andhra Pradesh,2,1,11
518508,Nandyal,Andhra Pradesh,2,1,9
520007,NTR,Andhra Pradesh,2,1,5
521104,NTR,Andhra Pradesh,2,1,3
521105,Krishna,Andhra Pradesh,2,1,9
521109,Krishna,Andhra Pradesh,2,1,5
521111,Eluru,Andhra Pradesh,2,1,10
521213,Eluru,Andhra Pradesh,2,1,13
521214,Eluru,Andhra Pradesh,2,1,11
521260,Eluru,Andhra Pradesh,2,1,6
521286,Eluru,Andhra Pradesh,2,1,5
521323,Krishna,Andhra Pradesh,2,1,6
521325,Eluru,Andhra Pradesh,2,1,14
521326,Eluru,Andhra Pradesh,2,1,6
521329,Eluru,Andhra Pradesh,2,1,11
522016,Palnadu,Andhra Pradesh,2,1,11
522020,Palnadu,Andhra Pradesh,2,1,8
522113,Bapatla,Andhra Pradesh,2,1,5
522211,Bapatla,Andhra Pradesh,2,1,4
522212,Guntur,Andhra Pradesh,2,1,19
522301,Guntur,Andhra Pradesh,2,1,8
522315,Guntur,Andhra Pradesh,2,1,6
522318,Bapatla,Andhra Pradesh,2,1,5
522341,Bapatla,Andhra Pradesh,2,1,5
522436,Palnadu,Andhra Pradesh,2,1,11
522438,Guntur,Andhra Pradesh,2,1,9
522529,Guntur,Andhra Pradesh,2,1,10
522549,Palnadu,Andhra Pradesh,2,1,18
522616,Palnadu,Andhra Pradesh,2,1,13
523181,Bapatla,Andhra Pradesh,2,1,4
523183,Prakasam,Andhra Pradesh,2,1,7
523185,Bapatla,Andhra Pradesh,2,1,3
523186,Bapatla,Andhra Pradesh,2,1,5
523201,Bapatla,Andhra Pradesh,2,1,19
523212,Bapatla,Andhra Pradesh,2,1,12
523263,Prakasam,Andhra Pradesh,2,1,8
523264,Prakasam,Andhra Pradesh,2,1,13
524101,Spsr Nellore,Andhra Pradesh,2,1,3
524121,Tirupati,Andhra Pradesh,2,1,13
524127,Tirupati,Andhra Pradesh,2,1,10
524132,Tirupati,Andhra Pradesh,2,1,17
524409,Spsr Nellore,Andhra Pradesh,2,1,9
530049,Visakhapatanam,Andhra Pradesh,2,1,4
531021,Anakapalli,Andhra Pradesh,2,1,8
531027,Anakapalli,Andhra Pradesh,2,1,18
531030,Anakapalli,Andhra Pradesh,2,1,25
531061,Anakapalli,Andhra Pradesh,2,1,11
531111,Alluri Sitharama Raju,Andhra Pradesh,2,1,18
531114,Anakapalli,Andhra Pradesh,2,1,14
531126,Anakapalli,Andhra Pradesh,2,1,11
531149,Visakhapatanam,Andhra Pradesh,2,2,18
531151,Visakhapatanam,Andhra Pradesh,2,1,24
531162,Visakhapatanam,Andhra Pradesh,2,1,22
531173,Visakhapatanam,Andhra Pradesh,2,1,18
532127,Srikakulam,Andhra Pradesh,2,1,21
532407,Srikakulam,Andhra Pradesh,2,1,15
532440,Parvathipuram Manyam,Andhra Pradesh,2,1,16
532455,Parvathipuram Manyam,Andhra Pradesh,2,1,15
532456,Parvathipuram Manyam,Andhra Pradesh,2,1,9
532458,Srikakulam,Andhra Pradesh,2,1,14
532460,Parvathipuram Manyam,Andhra Pradesh,2,1,22
532462,Parvathipuram Manyam,Andhra Pradesh,2,1,10
533001,East Godavari,Andhra Pradesh,2,1,5
533002,Kakinada,Andhra Pradesh,2,1,2
533003,East Godavari,Andhra Pradesh,2,1,4
533004,Kakinada,Andhra Pradesh,2,1,2
533005,Kakinada,Andhra Pradesh,2,1,12
533126,East Godavari,Andhra Pradesh,2,1,10
533214,Konaseema,Andhra Pradesh,2,1,8
533218,Konaseema,Andhra Pradesh,2,1,6
533232,Konaseema,Andhra Pradesh,2,1,9
533234,Konaseema,Andhra Pradesh,2,1,4
533244,Konaseema,Andhra Pradesh,2,1,9
533248,Konaseema,Andhra Pradesh,2,1,10
533256,Konaseema,Andhra Pradesh,2,1,10
533261,Konaseema,Andhra Pradesh,2,1,5
533262,Konaseema,Andhra Pradesh,2,1,13
533263,Konaseema,Andhra Pradesh,2,1,8
533285,Alluri Sitharama Raju,Andhra Pradesh,2,1,12
533286,East Godavari,Andhra Pradesh,2,1,8
533288,Alluri Sitharama Raju,Andhra Pradesh,2,1,28
533297,Kakinada,Andhra Pradesh,2,1,7
533341,Konaseema,Andhra Pradesh,2,1,6
533345,East Godavari,Andhra Pradesh,2,1,3
533346,Konaseema,Andhra Pradesh,2,1,5
533347,East Godavari,Andhra Pradesh,2,1,23
533354,Alluri Sitharama Raju,Andhra Pradesh,2,1,5
533408,Kakinada,Andhra Pradesh,2,1,7
533428,Alluri Sitharama Raju,Andhra Pradesh,2,1,25
533429,Kakinada,Andhra Pradesh,2,1,12
533430,Kakinada,Andhra Pradesh,2,1,8
533437,Kakinada,Andhra Pradesh,2,1,17
533440,East Godavari,Andhra Pradesh,2,1,2
533450,Kakinada,Andhra Pradesh,2,1,16
533451,Kakinada,Andhra Pradesh,2,1,4
534005,Eluru,Andhra Pradesh,2,1,3
534134,West Godavari,Andhra Pradesh,2,1,12
534186,West Godavari,Andhra Pradesh,2,1,7
534198,Eluru,Andhra Pradesh,2,1,13
534312,Eluru,Andhra Pradesh,2,1,18
534318,West Godavari,Andhra Pradesh,2,1,13
534341,West Godavari,Andhra Pradesh,2,1,8
534406,West Godavari,Andhra Pradesh,2,1,7
535005,Vizianagaram,Andhra Pradesh,2,1,11
535125,Vizianagaram,Andhra Pradesh,2,1,9
535128,Vizianagaram,Andhra Pradesh,2,1,14
535145,Visakhapatanam,Andhra Pradesh,2,1,27
535502,Parvathipuram Manyam,Andhra Pradesh,2,1,10
535521,Parvathipuram Manyam,Andhra Pradesh,2,1,25
535547,Parvathipuram Manyam,Andhra Pradesh,2,1,15
535557,Parvathipuram Manyam,Andhra Pradesh,2,1,15
535559,Vizianagaram,Andhra Pradesh,2,1,14
535573,Vizianagaram,Andhra Pradesh,2,1,12
535591,Parvathipuram Manyam,Andhra Pradesh,2,1,19
560049,Bengaluru Rural,Karnataka,2,1,4
560060,Bengaluru Urban,Karnataka,2,1,3
560067,Bengaluru Rural,Karnataka,2,1,2
560087,Bengaluru Urban,Karnataka,2,1,4
562120,Ramanagara,Karnataka,2,1,15
562130,Bengaluru Urban,Karnataka,2,1,7
562163,Bengaluru Rural,Karnataka,2,1,7
563125,Chikkaballapura,Karnataka,2,1,23
571124,Mysuru,Karnataka,2,1,17
571312,Mysuru,Karnataka,2,1,11
571316,Chamarajanagara,Karnataka,2,1,8
571430,Mandya,Karnataka,2,1,17
571442,Chamarajanagara,Karnataka,2,1,12
574107,Udupi,Karnataka,2,1,5
574109,Dakshina Kannada,Karnataka,2,1,4
574234,Kodagu,Karnataka,2,1,4
574314,Dakshina Kannada,Karnataka,2,1,4
577225,Davangere,Karnataka,2,1,6
577521,Davangere,Karnataka,2,1,7
583131,Vijaynagar,Karnataka,2,1,13
583132,Ballari,Karnataka,2,1,10
583134,Vijaynagar,Karnataka,2,1,14
583201,Ballari,Karnataka,2,1,4
583212,Vijaynagar,Karnataka,2,1,16
585214,Yadgir,Karnataka,2,1,22
585309,Yadgir,Karnataka,2,1,10
586113,Vijayapura,Karnataka,2,1,14
586125,Vijayapura,Karnataka,2,1,14
600019,Thiruvallur,Tamil Nadu,2,1,4
600037,Chennai,Tamil Nadu,2,1,2
600049,Chennai,Tamil Nadu,2,1,4
600050,Chennai,Tamil Nadu,2,1,2
600053,Thiruvallur,Tamil Nadu,2,1,6
600057,Thiruvallur,Tamil Nadu,2,1,3
600060,Chennai,Tamil Nadu,2,1,3
600077,Thiruvallur,Tamil Nadu,2,1,4
600089,Chennai,Tamil Nadu,2,1,2
600095,Thiruvallur,Tamil Nadu,2,1,3
600103,Thiruvallur,Tamil Nadu,2,1,4
600116,Chennai,Tamil Nadu,2,1,3
602002,Thiruvallur,Tamil Nadu,2,1,7
602105,Kanchipuram,Tamil Nadu,2,1,10
602108,Thiruvallur,Tamil Nadu,2,1,5
603202,Chengalpattu,Tamil Nadu,2,1,8
603203,Chengalpattu,Tamil Nadu,2,1,3
603204,Chengalpattu,Tamil Nadu,2,1,10
603314,Chengalpattu,Tamil Nadu,2,1,6
603406,Kanchipuram,Tamil Nadu,2,1,12
604407,Tiruvannamalai,Tamil Nadu,2,1,16
605007,Pondicherry,Puducherry,2,2,9
605014,Villupuram,Tamil Nadu,2,2,4
605102,Villupuram,Tamil Nadu,2,2,6
605105,Villupuram,Tamil Nadu,2,2,8
605107,Pondicherry,Puducherry,2,2,8
605110,Pondicherry,Puducherry,2,2,7
605111,Villupuram,Tamil Nadu,2,2,6
605501,Villupuram,Tamil Nadu,2,2,14
605502,Pondicherry,Puducherry,2,2,6
605756,Villupuram,Tamil Nadu,2,1,4
606115,Kallakurichi,Tamil Nadu,2,1,6
606203,Kallakurichi,Tamil Nadu,2,1,9
606301,Kallakurichi,Tamil Nadu,2,1,9
606754,Tiruvannamalai,Tamil Nadu,2,1,7
607107,Villupuram,Tamil Nadu,2,1,8
607209,Villupuram,Tamil Nadu,2,1,6
607402,Pondicherry,Puducherry,2,2,6
607403,Pondicherry,Puducherry,2,2,3
608002,Cuddalore,Tamil Nadu,2,1,13
608703,Cuddalore,Tamil Nadu,2,1,13
609204,Mayiladuthurai,Tamil Nadu,2,1,4
609503,Thiruvarur,Tamil Nadu,2,1,8
609504,Thiruvarur,Tamil Nadu,2,1,3
609603,Karaikal,Puducherry,2,2,6
609604,Karaikal,Puducherry,2,2,3
610101,Nagapattinam,Tamil Nadu,2,1,11
610106,Thiruvarur,Tamil Nadu,2,1,5
610201,Thiruvarur,Tamil Nadu,2,1,4
610203,Thiruvarur,Tamil Nadu,2,1,7
611101,Thiruvarur,Tamil Nadu,2,1,5
612605,Thanjavur,Tamil Nadu,2,1,6
612802,Thiruvarur,Tamil Nadu,2,1,7
612804,Thiruvarur,Tamil Nadu,2,1,10
614015,Thiruvarur,Tamil Nadu,2,1,4
614017,Thiruvarur,Tamil Nadu,2,1,6
614019,Thiruvarur,Tamil Nadu,2,1,14
614208,Thiruvarur,Tamil Nadu,2,1,3
614302,Thanjavur,Tamil Nadu,2,1,6
614704,Thiruvarur,Tamil Nadu,2,1,11
614711,Nagapattinam,Tamil Nadu,2,1,10
614716,Thiruvarur,Tamil Nadu,2,1,5
614902,Thanjavur,Tamil Nadu,2,1,14
614903,Thanjavur,Tamil Nadu,2,1,12
621011,Tiruchirappalli,Tamil Nadu,2,1,8
621104,Perambalur,Tamil Nadu,2,1,10
621106,Perambalur,Tamil Nadu,2,1,4
621109,Perambalur,Tamil Nadu,2,1,7
621110,Perambalur,Tamil Nadu,2,1,4
621215,Tiruchirappalli,Tamil Nadu,2,1,11
621220,Perambalur,Tamil Nadu,2,1,9
621305,Tiruchirappalli,Tamil Nadu,2,1,10
621311,Karur,Tamil Nadu,2,1,11
621312,Tiruchirappalli,Tamil Nadu,2,1,8
621315,Tiruchirappalli,Tamil Nadu,2,1,11
621651,Tiruchirappalli,Tamil Nadu,2,1,10
621713,Perambalur,Tamil Nadu,2,1,13
621716,Perambalur,Tamil Nadu,2,1,9
622102,Pudukkottai,Tamil Nadu,2,1,10
622403,Pudukkottai,Tamil Nadu,2,1,5
625102,Madurai,Tamil Nadu,2,1,5
626140,Virudhunagar,Tamil Nadu,2,1,3
626202,Virudhunagar,Tamil Nadu,2,1,7
626205,Virudhunagar,Tamil Nadu,2,1,6
627202,Tirunelveli,Tamil Nadu,2,1,3
627352,Tuticorin,Tamil Nadu,2,1,7
627413,Tirunelveli,Tamil Nadu,2,1,5
627418,Tenkasi,Tamil Nadu,2,1,3
627602,Tirunelveli,Tamil Nadu,2,1,5
627713,Tenkasi,Tamil Nadu,2,1,4
627851,Tenkasi,Tamil Nadu,2,1,9
627951,Tirunelveli,Tamil Nadu,2,1,7
627953,Tenkasi,Tamil Nadu,2,1,11
630610,Sivaganga,Tamil Nadu,2,1,9
630611,Sivaganga,Tamil Nadu,2,1,13
632102,Tiruvannamalai,Tamil Nadu,2,1,12
632103,Vellore,Tamil Nadu,2,1,11
632312,Vellore,Tamil Nadu,2,1,4
632506,Ranipet,Tamil Nadu,2,1,13
632507,Ranipet,Tamil Nadu,2,1,7
632511,Tiruvannamalai,Tamil Nadu,2,1,10
632512,Ranipet,Tamil Nadu,2,1,10
632514,Vellore,Tamil Nadu,2,1,4
632515,Vellore,Tamil Nadu,2,1,4
632516,Vellore,Tamil Nadu,2,1,5
632518,Ranipet,Tamil Nadu,2,1,4
632520,Vellore,Tamil Nadu,2,1,7
635106,Dharmapuri,Tamil Nadu,2,1,6
635116,Krishnagiri,Tamil Nadu,2,1,6
635123,Krishnagiri,Tamil Nadu,2,1,7
635201,Krishnagiri,Tamil Nadu,2,1,6
635304,Krishnagiri,Tamil Nadu,2,1,8
635804,Vellore,Tamil Nadu,2,1,9
635808,Tirupathur,Tamil Nadu,2,1,4
636113,Salem,Tamil Nadu,2,1,8
636114,Salem,Tamil Nadu,2,1,7
636118,Namakkal,Tamil Nadu,2,1,2
636203,Salem,Tamil Nadu,2,1,7
636806,Dharmapuri,Tamil Nadu,2,1,9
636902,Dharmapuri,Tamil Nadu,2,1,8
637302,Namakkal,Tamil Nadu,2,1,6
637303,Salem,Tamil Nadu,2,1,8
637304,Namakkal,Tamil Nadu,2,1,6
637501,Salem,Tamil Nadu,2,1,7
638051,Erode,Tamil Nadu,2,1,10
638056,Erode,Tamil Nadu,2,1,9
638108,Tiruppur,Tamil Nadu,2,1,6
638110,Erode,Tamil Nadu,2,1,5
638151,Erode,Tamil Nadu,2,1,11
638183,Namakkal,Tamil Nadu,2,1,6
638451,Erode,Tamil Nadu,2,1,8
638458,Erode,Tamil Nadu,2,1,7
638460,Tiruppur,Tamil Nadu,2,1,6
638462,Erode,Tamil Nadu,2,1,7
638751,Erode,Tamil Nadu,2,1,7
639103,Tiruchirappalli,Tamil Nadu,2,1,5
639201,Karur,Tamil Nadu,2,1,11
639202,Karur,Tamil Nadu,2,1,11
639203,Karur,Tamil Nadu,2,1,5
641302,Coimbatore,Tamil Nadu,2,1,9
641401,Coimbatore,Tamil Nadu,2,1,3
641658,Tiruppur,Tamil Nadu,2,1,8
641671,Coimbatore,Tamil Nadu,2,1,10
642113,Tiruppur,Tamil Nadu,2,1,4
642120,Coimbatore,Tamil Nadu,2,1,12
642202,Coimbatore,Tamil Nadu,2,1,7
642205,Tiruppur,Tamil Nadu,2,1,10
670511,Kannur,Kerala,2,1,15
670612,Kannur,Kerala,2,1,4
673572,Kozhikode,Kerala,2,1,9
673632,Malappuram,Kerala,2,1,3
673633,Kozhikode,Kerala,2,1,5
680667,Thrissur,Kerala,2,1,3
685533,Idukki,Kerala,2,1,14
686102,Kottayam,Kerala,2,1,5
686103,Kottayam,Kerala,2,1,3
686510,Kottayam,Kerala,2,1,8
686513,Kottayam,Kerala,2,1,8
686514,Kottayam,Kerala,2,1,9
689122,Alappuzha,Kerala,2,1,3
689123,Alappuzha,Kerala,2,1,3
689694,Pathanamthitta,Kerala,2,1,3
690504,Alappuzha,Kerala,2,1,5
690522,Kollam,Kerala,2,1,4
690547,Kollam,Kerala,2,1,4
691553,Kollam,Kerala,2,1,3
691556,Pathanamthitta,Kerala,2,1,3
695562,Thiruvananthapuram,Kerala,2,1,8
700023,Kolkata,West Bengal,2,1,4
700030,24 Paraganas North,West Bengal,2,1,3
700070,24 Paraganas South,West Bengal,2,1,2
700105,Kolkata,West Bengal,2,1,3
700135,24 Paraganas North,West Bengal,2,1,24
712122,Hooghly,West Bengal,2,1,9
712134,Hooghly,West Bengal,2,1,11
712146,Purba Bardhaman,West Bengal,2,1,10
712308,Hooghly,West Bengal,2,1,5
712401,Hooghly,West Bengal,2,1,14
712402,Hooghly,West Bengal,2,1,7
712408,Hooghly,West Bengal,2,1,7
712410,Hooghly,West Bengal,2,1,26
712413,Hooghly,West Bengal,2,1,14
712512,Hooghly,West Bengal,2,1,7
713123,Purba Bardhaman,West Bengal,2,1,13
713142,Purba Bardhaman,West Bengal,2,1,9
713143,Purba Bardhaman,West Bengal,2,1,21
713148,Purba Bardhaman,West Bengal,2,1,12
713427,Purba Bardhaman,West Bengal,2,1,10
713502,Purba Bardhaman,West Bengal,2,1,13
713519,Purba Bardhaman,West Bengal,2,1,6
721121,Medinipur West,West Bengal,2,1,19
721128,Medinipur West,West Bengal,2,1,6
721130,Medinipur East,West Bengal,2,1,5
721131,Medinipur West,West Bengal,2,1,8
721135,Jhargram,West Bengal,2,1,12
721139,Medinipur East,West Bengal,2,1,17
721144,Medinipur West,West Bengal,2,1,20
721152,Medinipur East,West Bengal,2,1,13
721154,Medinipur East,West Bengal,2,1,7
721212,Medinipur West,West Bengal,2,1,27
721420,Medinipur East,West Bengal,2,1,3
721443,Medinipur West,West Bengal,2,1,10
721504,Jhargram,West Bengal,2,1,14
721513,Jhargram,West Bengal,2,1,21
721516,Jhargram,West Bengal,2,1,14
721641,Medinipur West,West Bengal,2,1,9
731214,Birbhum,West Bengal,2,1,15
731215,Birbhum,West Bengal,2,1,10
731219,Birbhum,West Bengal,2,1,17
731221,Birbhum,West Bengal,2,1,13
731222,Birbhum,West Bengal,2,1,13
731241,Birbhum,West Bengal,2,1,4
731244,Birbhum,West Bengal,2,1,4
733124,Dinajpur Dakshin,West Bengal,2,1,20
733125,Dinajpur Dakshin,West Bengal,2,1,14
733128,Dinajpur Uttar,West Bengal,2,1,15
733132,Dinajpur Dakshin,West Bengal,2,1,18
733142,Dinajpur Dakshin,West Bengal,2,1,9
733158,Dinajpur Dakshin,West Bengal,2,1,3
734001,Darjeeling,West Bengal,2,1,9
734004,Jalpaiguri,West Bengal,2,1,3
734008,Darjeeling,West Bengal,2,1,9
734312,Darjeeling,West Bengal,2,1,4
734501,Jalpaiguri,West Bengal,2,1,3
735122,Coochbehar,West Bengal,2,1,18
735206,Jalpaiguri,West Bengal,2,1,4
735210,Jalpaiguri,West Bengal,2,1,20
735211,Alipurduar,West Bengal,2,1,20
735216,Alipurduar,West Bengal,2,1,5
735223,Kalimpong,West Bengal,2,1,4
735224,Jalpaiguri,West Bengal,2,1,20
735228,Alipurduar,West Bengal,2,1,6
735231,Kalimpong,West Bengal,2,1,4
736121,Alipurduar,West Bengal,2,1,22
736207,Alipurduar,West Bengal,2,1,6
737103,East District,Sikkim,2,1,8
737107,East District,Sikkim,2,1,6
737113,West District,Sikkim,2,1,16
737121,West District,Sikkim,2,1,22
737132,South District,Sikkim,2,1,9
737134,East District,Sikkim,2,1,25
741156,Nadia,West Bengal,2,1,14
741316,Nadia,West Bengal,2,1,6
742121,Murshidabad,West Bengal,2,1,15
742202,Murshidabad,West Bengal,2,1,20
743329,24 Paraganas South,West Bengal,2,1,34
743425,24 Paraganas North,West Bengal,2,1,17
743502,24 Paraganas South,West Bengal,2,1,26
743611,24 Paraganas South,West Bengal,2,1,12
752019,Puri,Odisha,2,1,10
752050,Khordha,Odisha,2,1,17
752114,Puri,Odisha,2,1,13
752120,Puri,Odisha,2,1,3
754004,Cuttack,Odisha,2,1,12
754130,Cuttack,Odisha,2,1,8
754135,Jagatsinghapur,Odisha,2,1,3
754140,Jagatsinghapur,Odisha,2,1,12
754141,Jagatsinghapur,Odisha,2,1,20
754162,Jagatsinghapur,Odisha,2,1,8
754205,Jajapur,Odisha,2,1,7
754207,Cuttack,Odisha,2,1,15
754214,Kendrapara,Odisha,2,1,15
754217,Kendrapara,Odisha,2,1,12
754223,Kendrapara,Odisha,2,1,10
754292,Jajapur,Odisha,2,1,6
755004,Jajapur,Odisha,2,1,9
755007,Jajapur,Odisha,2,1,12
755016,Jajapur,Odisha,2,1,11
755036,Jajapur,Odisha,2,1,8
756028,Baleshwar,Odisha,2,1,8
756030,Baleshwar,Odisha,2,1,9
756046,Baleshwar,Odisha,2,1,13
756048,Baleshwar,Odisha,2,2,9
756111,Bhadrak,Odisha,2,1,8
756115,Bhadrak,Odisha,2,1,9
756121,Bhadrak,Odisha,2,1,12
756168,Bhadrak,Odisha,2,1,7
757082,Mayurbhanj,Odisha,2,1,9
758025,Kendujhar,Odisha,2,1,17
759022,Dhenkanal,Odisha,2,1,5
759122,Dhenkanal,Odisha,2,1,2
759128,Anugul,Odisha,2,1,13
759151,Dhenkanal,Odisha,2,1,3
761108,Ganjam,Odisha,2,1,16
761125,Ganjam,Odisha,2,1,7
761151,Ganjam,Odisha,2,1,17
762012,Kandhamal,Odisha,2,1,18
764002,Koraput,Odisha,2,1,18
767016,Sonepur,Odisha,2,1,20
767020,Balangir,Odisha,2,1,17
767040,Balangir,Odisha,2,1,12
768107,Sambalpur,Odisha,2,1,24
768109,Deogarh,Odisha,2,1,24
768214,Sambalpur,Odisha,2,1,5
768221,Sambalpur,Odisha,2,1,16
768227,Sambalpur,Odisha,2,1,11
768228,Sambalpur,Odisha,2,1,19
781029,Ri Bhoi,Meghalaya,2,2,2
781128,Kamrup Metro,Assam,2,1,3
781131,Ri Bhoi,Meghalaya,2,2,4
781313,Barpeta,Assam,2,1,5
781320,Barpeta,Assam,2,1,6
781325,Bajali,Assam,2,1,13
781355,Nalbari,Assam,2,1,8
781365,Kamrup,Assam,2,1,4
781371,Nalbari,Assam,2,1,5
781376,Baksa,Assam,2,1,2
782103,Nagaon,Assam,2,1,16
782106,Marigaon,Assam,2,1,10
782126,Marigaon,Assam,2,1,10
782136,Nagaon,Assam,2,1,8
782410,Marigaon,Assam,2,2,4
782411,Marigaon,Assam,2,1,14
782413,Marigaon,Assam,2,1,15
782425,Nagaon,Assam,2,1,11
782435,Hojai,Assam,2,1,13
782447,Hojai,Assam,2,1,9
782448,West Karbi Anglong,Assam,2,1,8
782450,West Karbi Anglong,Assam,2,1,9
782481,Karbi Anglong,Assam,2,1,15
783101,Goalpara,Assam,2,1,16
783123,Goalpara,Assam,2,1,9
783132,Goalpara,Assam,2,1,6
783323,Dhubri,Assam,2,1,5
783331,Dhubri,Assam,2,1,12
783332,Kokrajhar,Assam,2,1,11
783333,Kokrajhar,Assam,2,1,3
783349,Dhubri,Assam,2,1,10
783371,Dhubri,Assam,2,1,4
783373,Chirang,Assam,2,1,7
783391,Chirang,Assam,2,1,6
784114,Udalguri,Assam,2,1,7
784190,Udalguri,Assam,2,1,4
784507,Udalguri,Assam,2,1,9
784514,Darrang,Assam,2,1,7
784525,Udalguri,Assam,2,1,13
785614,Golaghat,Assam,2,1,17
785640,Sivasagar,Assam,2,1,5
785669,Sivasagar,Assam,2,1,3
785680,Sivasagar,Assam,2,1,12
785682,Jorhat,Assam,2,1,11
785683,Jorhat,Assam,2,1,12
785686,Sivasagar,Assam,2,1,7
785703,Golaghat,Assam,2,1,9
786183,Tinsukia,Assam,2,1,10
786189,Tinsukia,Assam,2,1,3
787052,Lakhimpur,Assam,2,1,15
787053,Lakhimpur,Assam,2,1,13
787058,Dhemaji,Assam,2,1,16
788107,Cachar,Assam,2,1,14
788108,Cachar,Assam,2,1,6
788150,Hailakandi,Assam,2,1,8
788152,Hailakandi,Assam,2,1,16
788738,Karimganj,Assam,2,1,2
788801,Hailakandi,Assam,2,1,8
788802,Cachar,Assam,2,1,3
791004,East Siang,Arunachal Pradesh,2,1,2
791101,West Siang,Arunachal Pradesh,2,1,15
791103,East Siang,Arunachal Pradesh,2,1,17
791104,East Siang,Arunachal Pradesh,2,1,10
791118,Kurung Kumey,Arunachal Pradesh,2,1,149
791119,Lower Subansiri,Arunachal Pradesh,2,1,14
791120,Lower Subansiri,Arunachal Pradesh,2,1,43
792102,Namsai,Arunachal Pradesh,2,1,8
792110,Dibang Valley,Arunachal Pradesh,2,1,89
792130,Tirap,Arunachal Pradesh,2,1,27
793114,South West Khasi Hills,Meghalaya,2,1,25
793120,West Khasi Hills,Meghalaya,2,1,34
794005,West Garo Hills,Meghalaya,2,1,28
794102,South Garo Hills,Meghalaya,2,1,71
794107,South Garo Hills,Meghalaya,2,1,5
794109,West Garo Hills,Meghalaya,2,1,24
794113,East Garo Hills,Meghalaya,2,1,8
794115,South West Garo Hills,Meghalaya,2,1,21
795003,Imphal West,Manipur,2,1,7
795006,Pherzawl,Manipur,2,1,25
795008,Imphal East,Manipur,2,1,12
795011,Bishnupur,Manipur,2,1,6
795101,Chandel,Manipur,2,1,16
795106,Senapati,Manipur,2,1,4
795113,Imphal West,Manipur,2,1,18
795114,Imphal East,Manipur,2,1,16
795116,Jiribam,Manipur,2,1,18
795124,Churachandpur,Manipur,2,1,7
795128,Churachandpur,Manipur,2,1,38
795131,Tengnoupal,Manipur,2,1,16
795133,Bishnupur,Manipur,2,1,30
795136,Imphal West,Manipur,2,1,7
795142,Ukhrul,Manipur,2,1,37
795144,Ukhrul,Manipur,2,1,6
796015,Aizawl,Mizoram,2,1,6
796017,Aizawl,Mizoram,2,1,10
796081,Kolasib,Mizoram,2,1,12
796161,Serchhip,Mizoram,2,1,10
796186,Serchhip,Mizoram,2,1,7
796261,Saitual,Mizoram,2,1,23
796310,Khawzawl,Mizoram,2,1,19
796370,Serchhip,Mizoram,2,1,7
796421,Mamit,Mizoram,2,1,2
796701,Aizawl,Mizoram,2,1,37
796901,Saiha,Mizoram,2,1,39
797002,Kohima,Nagaland,2,1,5
797103,Dimapur,Nagaland,2,1,7
797104,Phek,Nagaland,2,1,10
797105,Kohima,Nagaland,2,1,8
797106,Dimapur,Nagaland,2,1,11
797109,Kohima,Nagaland,2,1,15
798607,Mokokchung,Nagaland,2,1,4
798612,Tuensang,Nagaland,2,1,33
798628,Tuensang,Nagaland,2,1,11
799104,Gomati,Tripura,2,1,16
799105,Gomati,Tripura,2,1,20
799125,Gomati,Tripura,2,1,8
799130,West Tripura,Tripura,2,1,9
801302,Nawada,Bihar,2,1,24
802112,Buxar,Bihar,2,1,14
802131,Buxar,Bihar,2,2,6
802160,Bhojpur,Bihar,2,1,6
802204,Bhojpur,Bihar,2,1,10
802205,Bhojpur,Bihar,2,1,8
803202,Patna,Bihar,2,1,20
803213,Patna,Bihar,2,1,18
804407,Jehanabad,Bihar,2,1,12
804420,Arwal,Bihar,2,1,21
804422,Jehanabad,Bihar,2,1,23
804424,Jehanabad,Bihar,2,1,14
804427,Jehanabad,Bihar,2,1,17
804429,Arwal,Bihar,2,1,25
804452,Patna,Bihar,2,1,22
811107,Sheikhpura,Bihar,2,1,13
811211,Munger,Bihar,2,1,17
811306,Lakhisarai,Bihar,2,1,7
811308,Jamui,Bihar,2,1,19
813102,Banka,Bihar,2,1,2
813108,Bhagalpur,Bihar,2,1,20
813205,Bhagalpur,Bihar,2,1,19
813206,Bhagalpur,Bihar,2,2,5
813208,Godda,Jharkhand,2,1,23
813209,Bhagalpur,Bihar,2,1,19
813212,Banka,Bihar,2,1,10
813213,Bhagalpur,Bihar,2,1,15
814120,Dumka,Jharkhand,2,1,15
814146,Deoghar,Jharkhand,2,1,30
814166,Dumka,Jharkhand,2,1,19
816104,Pakur,Jharkhand,2,1,21
816105,Sahebganj,Jharkhand,2,1,7
822112,Garhwa,Jharkhand,2,1,31
822115,Palamu,Jharkhand,2,1,14
822120,Garhwa,Jharkhand,2,1,24
822124,Palamu,Jharkhand,2,1,22
822126,Latehar,Jharkhand,2,1,27
822133,Garhwa,Jharkhand,2,1,29
824127,Arwal,Bihar,2,1,7
824219,Gaya,Bihar,2,1,7
824233,Gaya,Bihar,2,1,20
825312,Hazaribagh,Jharkhand,2,1,11
825315,Bokaro,Jharkhand,2,1,5
825325,Ramgarh,Jharkhand,2,1,4
825409,Koderma,Jharkhand,2,1,14
825413,Koderma,Jharkhand,2,1,4
829117,Bokaro,Jharkhand,2,1,9
829129,Bokaro,Jharkhand,2,1,2
829208,Ranchi,Jharkhand,2,1,5
829209,Ranchi,Jharkhand,2,1,6
831002,East Singhbum,Jharkhand,2,1,11
831012,East Singhbum,Jharkhand,2,1,9
832107,East Singhbum,Jharkhand,2,1,6
832113,East Singhbum,Jharkhand,2,1,31
832302,East Singhbum,Jharkhand,2,1,24
833102,West Singhbhum,Jharkhand,2,1,47
833204,West Singhbhum,Jharkhand,2,1,58
835201,Simdega,Jharkhand,2,1,26
835211,Simdega,Jharkhand,2,1,25
835214,Ranchi,Jharkhand,2,1,26
835216,West Singhbhum,Jharkhand,2,1,47
835218,Gumla,Jharkhand,2,1,4
835221,Ranchi,Jharkhand,2,1,12
835225,Ranchi,Jharkhand,2,1,33
835231,Gumla,Jharkhand,2,1,24
835301,Ranchi,Jharkhand,2,1,19
835302,Lohardaga,Jharkhand,2,1,51
835325,Lohardaga,Jharkhand,2,1,12
841223,Saran,Bihar,2,1,3
841312,Saran,Bihar,2,1,4
841410,Saran,Bihar,2,1,8
841413,Siwan,Bihar,2,1,8
841417,Saran,Bihar,2,1,14
841436,Gopalganj,Bihar,2,1,17
841447,Gopalganj,Bihar,2,1,8
843116,Muzaffarpur,Bihar,2,1,14
843117,Sitamarhi,Bihar,2,1,14
843128,Muzaffarpur,Bihar,2,1,17
843328,Sitamarhi,Bihar,2,1,13
844111,Vaishali,Bihar,2,1,11
844112,Vaishali,Bihar,2,1,11
844506,Vaishali,Bihar,2,1,14
847105,Darbhanga,Bihar,2,1,16
847123,Darbhanga,Bihar,2,1,6
847301,Darbhanga,Bihar,2,1,18
847302,Darbhanga,Bihar,2,1,7
847304,Darbhanga,Bihar,2,1,17
847306,Darbhanga,Bihar,2,1,13
847337,Darbhanga,Bihar,2,1,11
847407,Darbhanga,Bihar,2,1,5
848125,Samastipur,Bihar,2,1,14
848201,Begusarai,Bihar,2,1,14
848203,Khagaria,Bihar,2,1,10
848206,Samastipur,Bihar,2,1,7
848207,Samastipur,Bihar,2,1,15
848209,Samastipur,Bihar,2,1,25
848210,Samastipur,Bihar,2,1,16
851204,Khagaria,Bihar,2,1,26
852101,Madhepura,Bihar,2,1,18
852108,Supaul,Bihar,2,1,9
852116,Madhepura,Bihar,2,1,8
852122,Madhepura,Bihar,2,1,20
852124,Saharsa,Bihar,2,1,20
852129,Saharsa,Bihar,2,1,12
852139,Supaul,Bihar,2,1,17
852202,Saharsa,Bihar,2,1,23
854102,Purnia,Bihar,2,1,14
854201,Purnia,Bihar,2,1,5
854202,Purnia,Bihar,2,1,18
854304,Purnia,Bihar,2,1,19
854333,Araria,Bihar,2,1,16
854334,Araria,Bihar,2,1,22
854337,Purnia,Bihar,2,1,7
